slug,tested,this_weekend,rating,source_section,source_rating
black-pepper-beef-and-cabbage-stir-fry,false,true,,next,
no-fold-shrimp-and-beef-dumpling,false,true,,next,
the-creamiest-chicken-ranch-bake,false,true,,next,
lighter-cottage-pie,false,true,,next,
lighter-bourbon-chicken,false,true,,next,
puttanesca-poached-fish,false,true,,next,
sushi-roll-de-gambones,false,true,,next,
lighter-pickle-lemonade-chicken-tacos,false,true,,next,
lighter-chipotle-chicken-bowls-no-rice,false,true,,next,
ensalada-de-pepino-crujiente-salmon-crudo-y-vinagreta-de-miso,false,true,,next,
mediterranean-chicken-pistachio-herb-salad,false,true,,next,
chicken-kebabs-with-turmeric-and-chile,false,true,,next,
red-thai-curry-shrimp-mince,false,true,,next,
chipotle-honey-chicken-is-back,false,true,,next,
slow-cooker-hoisin-garlic-chicken,false,true,,next,
high-protein-chicken-shawarma-wraps,false,true,,next,
watermelon-strawberry-sorbet,false,true,,next,
smashed-chicken-meatballs-with-suya-and-charred-corn,false,true,,next,
cold-noodles-with-tomatoes,false,true,,next,
spicy-sardine-pasta-with-leeks-and-lemon,false,true,,next,
chipotle-pasta-chicken-salad,false,true,,next,
tiramisu-overnight-oats,false,true,,next,
ultimate-greek-chicken-burgers,false,true,,next,
lime-and-herb-masala-chicken,false,true,,next,
saag-shrimp,false,true,,next,
spicy-peanut-prawn-noodles,false,true,,next,
soy-honey-garlic-chicken-thighs,false,true,,next,
honey-miso-chicken-thighs,false,true,,next,
lemongrass-ground-beef,false,true,,next,
papas-al-limon-con-pulpo,false,true,,next,
pork-bulgogi-with-spring-vegetables,false,true,,next,
seared-zucchini-and-halloumi-in-red-wine-vinaigrette,false,true,,next,
patatas-fritas-con-pollo,false,true,,next,
charred-lime-honey-chicken-tacos-with-avocado-herb-salsa,false,true,,next,
high-protein-shakshouka,false,true,,next,
vegetarian-egg-wrap,false,true,,next,
high-protein-cheesy-butter-chicken-tacos,false,true,,next,
bacon-egg-wrap-14,false,true,,next,
blackberry-pancakes,false,true,,next,
gg-muffin-bowls,false,true,,next,
high-protein-frittata,false,true,,next,
sweet-apple-pulled-pork,false,true,,next,
slow-cooked-high-protein-beef,false,true,,next,
tomato-chicken-pasta,false,true,,next,
fajita-beef,false,true,,next,
high-protein-beef-pasta-ragu,false,true,,next,
chicken-mexican-rice,false,true,,next,
creamy-lemon-orzo-with-salmon,false,true,,next,
beef-curry-with-rice-lentils,false,true,,next,
sweet-potato-pan-bake,false,true,,next,
red-chicken-pesto-rice,false,true,,next,
chicken-pesto-rice,false,true,,next,
creamy-tomato-garlic-pasta-bake,false,true,,next,
chicken-shawarma-rice,false,true,,next,
chicken-skewers-rice,false,true,,next,
beef-skewers-rice,false,true,,next,
chicken-halloumi-rice,false,true,,next,
chicken-kale-salad,false,true,,next,
gnocchi-salad-traybake-bowl,false,true,,next,
mediterranean-gnocchi-tray-bake,false,true,,next,
potato-chicken-bake,false,true,,next,
chicken-sweet-potato-traybake,false,true,,next,
lemon-herb-chicken-thigh-tray-bake,false,true,,next,
roasted-beetroot-feta-soup,false,true,,next,
chicken-chorizo-soup,false,true,,next,
salmon-omega-3-salad,false,true,,next,
sardine-omega-3-spread,false,true,,next,
tuna-salad,false,true,,next,
loaded-beef-sweet-potato,false,true,,next,
loaded-chicken-sweetcorn-potato,false,true,,next,
chickpea-feta-bake,false,true,,next,
chia-seed-high-fibre-jam,false,true,,next,
caramelised-walnut-banana-bread,false,true,,next,
chocolate-date-mousse,false,true,,next,
granola-bars,false,true,,next,
cinnamon-pear-bake,false,true,,next,
noodles-con-pollo-almendra-y-pepino,false,true,,next,
protein-custard-eggs,false,true,,next,
rice-paper-shrimp-pancake,false,true,,next,
ceviche-coctel-de-camaron-con-mango,false,true,,next,
col-rostizada-con-parmesano-pistache-y-perejil,false,true,,next,
cheesy-chipotle-honey-baked-chicken,false,true,,next,
chicken-broccoli-burgers,false,true,,next,
lemony-soutzoukakia-with-potatoes-the-greek-meatballs-that-you-will-crave,false,true,,next,
tandoori-chicken-skewers-20-minutes,false,true,,next,
slow-cooked-beef-must-try,false,true,,next,
miso-chicken-spinach-rice,false,true,,next,
cold-spicy-noodles,false,true,,next,
spicy-peanut-chicken-noodles,false,true,,next,
pork-laab,false,true,,next,
3-cheese-spaghetti-bake,false,true,,next,
potato-meatball-vegetables,false,true,,next,
cheesy-pasta-meatballs-15-minutes,false,true,,next,
salmon-butterbeans-rice,false,true,,next,
egg-feta-wrap,false,true,,next,
crispy-spicy-mayo-shrimp,false,true,,next,
caramelised-onion-smashed-burger-tacos,false,true,,next,
yuzu-miso-glazed-asparagus-tart,false,true,,next,
garlic-herb-beef-potatoes,false,true,,next,
high-protein-ranch-dressing,false,true,,next,
peanut-sauce-butter-beans,false,true,,next,
salmon-green-beans-in-red-pepper-sauce,false,true,,next,
pork-laab-2,false,true,,next,
sheet-pan-shrimp-tikka,false,true,,next,
haemulpajeon-tortilla-coreana-de-cebolleta-y-marisco,false,true,,next,
rice-paper-dumplings-ingredients-2-servings,false,true,,next,
one-bowl-high-protein-pizza-bake,false,true,,next,
you-can-eat-this-entire-pizza-for-less-than-500-calories,false,true,,next,
prepable-protein-fillings-for-healthy-lunches-spicy-feta-chicken-crunch,false,true,,next,
high-protein-sheet-pan-fish-tacos-with-avocado-crema,false,true,,next,
malai-chicken,false,true,,next,
chicken-garlic-rice,false,true,,next,
cuban-mojo-chicken,false,true,,next,
street-corn-cucumber-salad-high-protein,false,true,,next,
honey-chipotle-shrimp-bowl,false,true,,next,
grilled-chicken-cracked-green-olive-charred-lemon-dressing,false,true,,next,
chili-crunch-honey-chicken-bowl-recipe,false,true,,next,
honey-lime-chicken-and-avocado-wonton-tacos,false,true,,next,
greek-chicken-rice-bowl,false,true,,next,
mediterranean-chicken-skewers,false,true,,next,
one-pan-roasted-lemon-garlic-chicken-veggies,false,true,,next,
lemon-garlic-chicken-recipe-with-yogurt-mediterranean-style,false,true,,next,
giuvetsi-beef-with-orzo,false,true,,next,
kolokithokeftedes-greek-zucchini-fritters,false,true,,next,
sheet-pan-hot-honey-chicken,false,true,,next,
greek-chicken-gyro-skewers,false,true,,next,
gemista-stuffed-peppers-and-tomatoes,false,true,,next,
soutzoukakia-baked-meatballs,false,true,,next,
stifado-slow-cooked-beef-stew,false,true,,next,
pollo-y-patatas-al-horno-con-feta-limon-y-eneldo,false,true,,next,
creamy-garlic-herb-cajun-chicken,false,true,,next,
firecracker-chicken-thighs,false,true,,next,
sweet-chili-chicken,false,true,,next,
lemon-pepper-chicken-bites,false,true,,next,
malai-chicken-2,false,true,,next,
southern-chicken-salad,false,true,,next,
dahi-shimla-mirch-chicken,false,true,,next,
honey-chili-chicken-lettuce-cups,false,true,,next,
honey-chipotle-chicken,false,true,,next,
chicken-salad-with-peanut-butter,false,true,,next,
biftekia,false,true,,next,
kotopoulo-lemonato-sto-fourno-greek-lemon-chicken,false,true,,next,
gyros-kotopoulo-chicken-gyros,false,true,,next,
viral-blanket-dumplings-high-protein-meal-prep-friendly,false,true,,next,
dahi-shimla-mirch-chicken-curry,false,true,,next,
roasted-tomato-and-white-bean-stew,false,true,,next,
air-fried-salmon-cucumber-protein-salad,false,true,,next,
one-pan-chicken-with-roasted-sweet-potato-broccoli,false,true,,next,
cheesy-chipotle-steak-tacos-with-creamy-chipotle-sauce,false,true,,next,
high-protein-chocolate-peanut-butter-lava-cake,false,true,,next,
hot-honey-beef-and-butternut-squash-bowls,false,true,,next,
carne-asada-steak-bite-tacos,false,true,,next,
shrimp-pasta-with-white-wine-sauce,false,true,,next,
thai-chicken,false,true,,next,
summertime-citrus-shrimp-ceviche-ceviche-de-camaron,false,true,,next,
pizza-original-pero-ajustando-ingredientes-para-maxima-definicion,false,true,,next,
cuadrando-macros-con-unos-fake-mac-cheese,false,true,,next,
high-protein-buffalo-chicken-hotpockets,false,true,,next,
esquites-acompanamiento,false,true,,next,
spanakorizo-greek-style-spinach-risotto,false,true,,next,
korean-bulgogi-chicken-thighs,false,true,,next,
lazy-dumplings,false,true,,next,
creamy-garlic-spinach-chicken-bowl,false,true,,next,
chicken-mushroom-broccoli-stir-fry,false,true,,next,
chilli-garlic-prawn-rice,false,true,,next,
firecracker-chicken-thighs-2,false,true,,next,
torta-turca,false,true,,next,
tuna-salad-2,false,true,,next,
chickenfingers-buffalo-fit,false,true,,next,
chicken-chip-bark,false,true,,next,
apricot-thyme-chicken-and-chickpeas,false,true,,next,
slow-cooker-sunday-sauce,false,true,,next,
kfc-supercharger-wrap,false,true,,next,
one-pot-high-protein-chicken-biryani-oven-method-reaction-video-deadpan-diya-17,false,true,,next,
garlic-parmesan-chicken-bites-air-fryer-crack,false,true,,next,
day-61-100-peanut-chilli-noodles,false,true,,next,
roasted-fish-with-leeks-and-olive-salsa-verde,false,true,,next,
one-pan-roasted-fish-with-cherry-tomatoes,false,true,,next,
chipotle-lime-chicken-pasta-salad-4-raciones,true,false,,salad and cold,
a-marry-me-chicken-salad,true,false,5,salad and cold,A
crispy-rice-spicy-mayo-salmon-salad,false,false,,salad not tested,
japanese-style-egg-chicken-salad,false,false,,salad not tested,
easy-healthy-creamy-guacamole-chicken-salad,false,false,,salad not tested,
tzatziki-cucumber-salad-protein-edition-f-ck-or-suck,false,false,,salad not tested,
ensalada-de-mango-aguacate-y-gambones-con-apenas-4-ingredientes,false,false,,salad not tested,
chicken-salad,false,false,,salad not tested,
crispy-rice-gochujang-spicy-mayo-salad,false,false,,salad not tested,
ensalada-de-atun,false,false,,salad not tested,
crispy-rice-spicy-mayo-tuna-salad,false,false,,salad not tested,
macros-2-servings,true,false,5,chicken,A
a-creamy-garlic-chicken-wraps,true,false,5,chicken,A
a-high-protein-harissa-chicken-thighs,true,false,5,chicken,A
a-high-protein-chicken-fajita-wraps-4-servings,true,false,5,chicken,A
b-quick-harissa-apricot-chicken,true,false,4,chicken,B
b-easy-high-protein-crispy-chicken-nuggets,true,false,4,chicken,B
a-lemon-dill-meatballs-with-orzo,true,false,5,chicken,A
a-chicken-chukauni,true,false,5,chicken,A
a-gochujang-chicken-bowl-marina,true,false,5,chicken,A
a-chicken-gyros-bowl-marina,true,false,5,chicken,A
a-soy-garlic-chicken-skewers,true,false,5,chicken,A
a-soy-honey-garlic-chicken-thighs,true,false,5,chicken,A
a-mexican-style-street-corn-bowl,true,false,5,chicken,A
a-this-south-american-inspired-chicken,true,false,,chicken,
a-protein-chicken-wraps-with-homemade-yogurt-flatbread,true,false,5,chicken,A
a-shish-taouk-bowl,true,false,5,chicken,A
a-cilantro-lime-chicken-dinner,true,false,5,chicken,A
b-moroccan-chicken-sheet-pan-dinner,true,false,4,chicken,B
a-sriracha-lime-chicken,true,false,5,chicken,A
a-easy-chicken-tikka-sheet-pan-dinner,true,false,5,chicken,A
a-chipotle-chicken,true,false,5,chicken,A
b-easy-loaf-pan-chicken,true,false,4,chicken,B
c-high-protein-korean-bbq-chicken-rice-bowls,true,false,3,chicken,C
a-orange-chicken-rice-bowls-my-best-meal-prep-recipes-of-2025-part-2,true,false,5,chicken,A
a-easy-sheet-pan-chicken-kebabs,true,false,5,chicken,A
a-high-protein-chicken-tikka-masala,true,false,5,chicken,A
tray-red-thai-curry-bake,false,false,,chicken not tested yet,
lemon-herb-chicken-potato-traybake,false,false,,chicken not tested yet,
korean-bbq-chicken-wraps-jalalsamfit,false,false,,chicken not tested yet,
creamy-garlic-parmesan-chicken-meatballs,false,false,,chicken not tested yet,
bbq-chicken-potatoes-meal-prep,false,false,,chicken not tested yet,
3-chicken-marinades-for-meal-prep,false,false,,chicken not tested yet,
kerala-fried-chicken,false,false,,chicken not tested yet,
chicken-parm-the-ultimate-protein-hack,false,false,,chicken not tested yet,
tajin-grilled-chicken,false,false,,chicken not tested yet,
multi-purpose-satay-chicken-tray-bake,false,false,,chicken not tested yet,
caramelized-onion-chicken-pasta,false,false,,chicken not tested yet,
korean-sweet-spicy-chicken-thighs-yangnyeom,false,false,,chicken not tested yet,
paprika-chicken-and-rice,false,false,,chicken not tested yet,
high-protein-lime-caesar-chicken-bowl,false,false,,chicken not tested yet,
turmeric-black-pepper-chicken-with-asparagus,false,false,,chicken not tested yet,
turkey-chili,false,false,,chicken not tested yet,
marry-me-chicken,false,false,,chicken not tested yet,
sheet-pan-hot-honey-chicken-2,false,false,,chicken not tested yet,
roasted-sweet-potato-stacks-with-chipotle-sauce,false,false,,chicken not tested yet,
one-pan-garlic-chicken-primavera,false,false,,chicken not tested yet,
high-protein-lime-caesar-chicken-bowl-2,false,false,,chicken not tested yet,
lemon-herb-chicken-thigh-tray-bake-2,false,false,,chicken not tested yet,
super-simple-high-protein-chicken-pasta-salad,false,false,,chicken not tested yet,
garlic-parmesan-chicken-crispy-potato-bowl,false,false,,chicken not tested yet,
sheet-pan-malai-chicken-and-potatoes,false,false,,chicken not tested yet,
chicken-tikka-kebab-flatbreads,false,false,,chicken not tested yet,
swadish-chicken-tikka-masala,false,false,,chicken not tested yet,
red-chimichurri-chicken-bowls-all-done-on-a-single-sheet-pan,false,false,,chicken not tested yet,
honey-garlic-parm-chicken,false,false,,chicken not tested yet,
this-is-punjabi-style-chicken-chole-bold-comforting-and-full-of-soul,false,false,,chicken not tested yet,
pan-fried-garlic-chilli-chicken,false,false,,chicken not tested yet,
smoky-chicken-skewers-with-garlic-yogurt-marinade-tangy-herb-oil,false,false,,chicken not tested yet,
n-o-8-flautas-de-pollo-mexicanas-fit,false,false,,chicken not tested yet,
thai-chicken-drunken-noodles-pad-kee-mao,false,false,,chicken not tested yet,
bang-bang-chicken,false,false,,chicken not tested yet,
orzo-bake-with-parmesan-chicken,false,false,,chicken not tested yet,
boursin-chicken-orzo-bake,false,false,,chicken not tested yet,
creamy-cheddar-sour-cream-chicken,false,false,,chicken not tested yet,
chicken-fajita-feta-rice,false,false,,chicken not tested yet,
lemon-chicken-potato-chickpeas,false,false,,chicken not tested yet,
mediterranean-chicken-with-halloumi,false,false,,chicken not tested yet,
thai-green-chicken-curry,false,false,,chicken not tested yet,
creamy-chicken-chorizo-pasta-bake,false,false,,chicken not tested yet,
harissa-chicken-quinoa-bake,false,false,,chicken not tested yet,
chicken-chorizo-orzo-pasta,false,false,,chicken not tested yet,
one-pan-mexican-chicken-burritos,false,false,,chicken not tested yet,
creamy-veggie-chicken-pasta,false,false,,chicken not tested yet,
chicken-chorizo-orzo-pasta-2,false,false,,chicken not tested yet,
creamy-mushroom-chicken-bake,false,false,,chicken not tested yet,
one-box-chicken-quinoa,false,false,,chicken not tested yet,
red-pesto-chicken-rice,false,false,,chicken not tested yet,
green-orzo-cream-chicken,false,false,,chicken not tested yet,
one-box-chicken-cous-cous,false,false,,chicken not tested yet,
baked-feta-tomato-chicken-pasta,false,false,,chicken not tested yet,
rotisserie-butter-chicken,false,false,,chicken not tested yet,
crispy-korean-chicken,false,false,,chicken not tested yet,
crispy-chicken-taco-burito,false,false,,chicken not tested yet,
cowboy-butter-chicken-sandwich-airfryer,false,false,,chicken not tested yet,
easy-mexican-chicken-salad,false,false,,chicken not tested yet,
chicken-breasts-with-miso-garlic-sauce,false,false,,chicken not tested yet,
day-47-100-one-pan-cider-roast-chicken,false,false,,chicken not tested yet,
5030-low-cal-ep-2-crispy-rice-chicken-salad,false,false,,chicken not tested yet,
numbing-chicken-cucumber-salad,false,false,,chicken not tested yet,
harissa-chicken-filo-nests,false,false,,chicken not tested yet,
greek-style-chicken-bowl-chris-lee,false,false,,chicken not tested yet,
honey-bbq-crispy-chicken-tender,false,false,,chicken not tested yet,
honey-bbq-chicken-slider,false,false,,chicken not tested yet,
20min-thai-basil-chicken-w-sticky-sesame-green-beans,false,false,,chicken not tested yet,
korean-chicken-skewers,false,false,,chicken not tested yet,
creamy-peri-peri-chicken-pasta,false,false,,chicken not tested yet,
cheesy-chicken-fajita-pasta-bake-review,false,false,,chicken not tested yet,
high-protein-street-corn-chicken-bowl-recipe,false,false,,chicken not tested yet,
baja-hot-honey-chicken-bowl,false,false,,chicken not tested yet,
creamy-lemon-garlic-chicken,false,false,,chicken not tested yet,
crispy-honey-garlic-chicken-fried-rice,false,false,,chicken not tested yet,
pan-roasted-chicken-dinner,false,false,,chicken not tested yet,
ground-chicken-wrap-with-hot-honey-feta-cream,false,false,,chicken not tested yet,
turkish-style-sheet-pan-chicken-kebabs,false,false,,chicken not tested yet,
dumpling-lasagna,false,false,,chicken not tested yet,
korean-gochujang-chicken-thighs,false,false,,chicken not tested yet,
chicken-honey-garlic,false,false,,chicken not tested yet,
no-fold-dumpling-chris-lee,false,false,,chicken not tested yet,
kritharaki-orzo-proteico-al-tomate,false,false,,chicken not tested yet,
sweet-chilli-popcorn-chicken-meal-prep,false,false,,chicken not tested yet,
crispy-high-protein-chicken-tortilla-cones,false,false,,chicken not tested yet,
sweet-chilli-chicken-wraps,false,false,,chicken not tested yet,
lemongrass-chicken-with-a-shredded-carrot-salad,false,false,,chicken not tested yet,
mediterranean-chicken-bowl,false,false,,chicken not tested yet,
epic-chicken-ranch-bake,false,false,,chicken not tested yet,
high-protein-gnocchi-salad-traybake-bowl,false,false,,chicken not tested yet,
chicken-parmesan-skewers-marina,false,false,,chicken not tested yet,
marry-me-chicken-orzo-marina-4,false,false,,chicken not tested yet,
loaded-kogi-chicken-bowl,false,false,,chicken not tested yet,
chicken-bacon-buffalo-hot-pockets,false,false,,chicken not tested yet,
one-pan-cider-roast-chicken,false,false,,chicken not tested yet,
lebanese-lemon-garlic-chicken,false,false,,chicken not tested yet,
30-minute-crunchy-taco-salad,false,false,,chicken not tested yet,
meal-prep-roasted-chicken-and-red-pepper-pasta-salad,false,false,,chicken not tested yet,
high-protein-chicken-burrito,false,false,,chicken not tested yet,
high-protein-marry-me-chicken-bites-panacea-palm,false,false,,chicken not tested yet,
chicken-and-red-lentil-soup-with-lemony-yogurt,false,false,,chicken not tested yet,
peanut-lime-chicken-with-cucumber-pineapple-salsa,false,false,,chicken not tested yet,
healthy-sausage-breakfast-muffins,false,false,,chicken not tested yet,
zingy-chicken-power-bowl-476-cals-54g-protein,false,false,,chicken not tested yet,
viral-low-carb-dumplings-low-calorie-high-protein,false,false,,chicken not tested yet,
peri-peri-sauce-chicken,false,false,,chicken not tested yet,
spring-rolls-that-are-packed-with-protein-lower-in-calories-and-perfect-for-meal-prep,false,false,,chicken not tested yet,
one-pan-lemony-chicken-bake,false,false,,chicken not tested yet,
gochujang-chicken-salad,false,false,,chicken not tested yet,
crispy-chilli-chicken-salad,false,false,,chicken not tested yet,
easy-egg-roll-in-a-bowl-recipe-https-www-inspiredtaste-net-86710-egg-roll-in-a-bowl-recipe,false,false,,chicken not tested yet,
high-protein-sheetpan-chicken-kebabs,false,false,,chicken not tested yet,
easy-vietnamese-chicken-salad-only-20-minutes,false,false,,chicken not tested yet,
pollo-dorado-al-limon,false,false,,chicken not tested yet,
chipotle-lime-chicken-rice,false,false,,chicken not tested yet,
peruvian-polla-a-la-brasa-with-green-sauce,false,false,,chicken not tested yet,
kbbq-chicken-with-cucumber-salad-scallion-rice,false,false,,chicken not tested yet,
loaf-pan-chicken-shawarma,false,false,,chicken not tested yet,
simplified-roasted-red-pepper-pasta-salad,false,false,,chicken not tested yet,
high-protein-enchiladas,false,false,,chicken not tested yet,
viral-costco-chicken,false,false,,chicken not tested yet,
greek-chicken-salad,false,false,,chicken not tested yet,
halal-cart-chicken-rice-bowl,false,false,,chicken not tested yet,
bang-bang-chicken-sliders-4,false,false,,chicken not tested yet,
high-protein-buffalo-chicken-dip-recipe,false,false,,chicken not tested yet,
creamy-lemon-broccoli-chicken-salad,false,false,,chicken not tested yet,
buffalo-hot-honey-chicken-tenders,false,false,,chicken not tested yet,
chicken-tacos,false,false,,chicken not tested yet,
high-protein-egg-roll-in-a-bowl-one-pot,false,false,,chicken not tested yet,
chicken-tenders,false,false,,chicken not tested yet,
pot-creamy-highprotein-crack-chicken,false,false,,chicken not tested yet,
ground-turkey-sweet-potato-bake,false,false,,chicken not tested yet,
green-goddess-chicken-rice-bowl,false,false,,chicken not tested yet,
high-protein-cucumber-chicken-salad,false,false,,chicken not tested yet,
taco-de-pollo,false,false,,chicken not tested yet,
korean-bbq-chicken-wraps,false,false,,chicken not tested yet,
nashville-hot-chicken-dip,false,false,,chicken not tested yet,
a-beef-shin-lasagne-ragu-bake,true,false,5,beef,A
a-garlic-herb-beef-potatoes,true,false,5,beef,A
a-manestra-orzo-stew,true,false,5,beef,A
a-zaynab-issa-s-smashed-beef-kebab-with-cucumber-yogurt,true,false,5,beef,A
a-rice-paper-burger-roll,true,false,5,beef,A
a-easy-sheet-pan-beef-kebabs,true,false,5,beef,A
mozzarella-gnocchi-meatballs,false,false,,beef not tested,
korean-bbq-style-meatballs,false,false,,beef not tested,
old-fashioned-beef-stew,false,false,,beef not tested,
sweet-potato-filled-with-beef-and-sriracha-sauce,false,false,,beef not tested,
korean-beef-bulgogi-with-cabbage-slaw,false,false,,beef not tested,
5-minute-mince-tortilla-wrap,false,false,,beef not tested,
big-mac-wonton-taco,false,false,,beef not tested,
mexican-style-loaded-sweet-potato,false,false,,beef not tested,
bulgogi-loaded-sweet-potato,false,false,,beef not tested,
rice-paper-kimchi-mandu,false,false,,beef not tested,
korean-beef-bulgogi-chris-lee,false,false,,beef not tested,
sticky-korean-bbq-beef-with-a-smashed-cucumber-salad,false,false,,beef not tested,
albondigas-faciles-con-salsa-de-chalotas-en-freidora-de-aire-una-receta-facil-deliciosa-y-sin-complicaciones,false,false,,beef not tested,
barbacoa-beef-rice-bowl,false,false,,beef not tested,
korean-bibimbap,false,false,,beef not tested,
high-protein-taco-loaded-baked-potato,false,false,,beef not tested,
seekh-kebab,false,false,,beef not tested,
ternera-con-batata,false,false,,beef not tested,
in-n-out-smashburger,false,false,,beef not tested,
harissa-steak-tacos,false,false,,beef not tested,
sheet-pan-charred-meat-pitas,false,false,,beef not tested,
beef-pad-kra-pao,false,false,,beef not tested,
slow-cooked-high-protein-beef-2,false,false,,beef not tested,
biftekia-homemade-greek-burger-marina,false,false,,beef not tested,
fair-fit-eats-breakfast-hot-pockets,false,false,,beef not tested,
high-protein-burger-edition,false,false,,beef not tested,
miso-glazed-steak-bowls-with-creamy-cucumber-salad-sticky-rice,false,false,,beef not tested,
3-5-bowl-de-carne-con-platano-maduro-serie-5-comidas-altas-en-proteina-que-no-son-aburridas,false,false,,beef not tested,
sheet-pan-beef-bulgogi,false,false,,beef not tested,
healthy-cheeseburger-wraps-in-20-minutes,false,false,,beef not tested,
bulgogi-recipe,false,false,,beef not tested,
mediterranean-meatballs,false,false,,beef not tested,
beef-fiesta-cucumber-salad,false,false,,beef not tested,
easy-beef-cabbage-soup-one-pot,false,false,,beef not tested,
high-protein-stuffed-sweet-potatoes,false,false,,beef not tested,
low-carb-mongolian-beef,false,false,,beef not tested,
warm-multi-layer-enchilada-dip,false,false,,beef not tested,
homemade-gyro-bowl-recipe,false,false,,beef not tested,
a-high-protein-shrimp-street-corn-protein-bowl,true,false,5,prawns,A
a-garides-saganaki-pan-fried-prawns-in-tomato-sauce,true,false,5,prawns,A
a-no-fold-rice-paper-shrimp-dumpling,true,false,5,prawns,A
a-rice-paper-shrimp-dumpling-har-gow,true,false,5,prawns,A
creamy-shrimp-orzo,false,false,,prawns not tested,
chipotle-shrimp-guac-tostadas,false,false,,prawns not tested,
crispy-bang-bang-shrimp,false,false,,prawns not tested,
camarones-al-ajillo-shrimp-in-garlic-and-guajillo-sauce,false,false,,prawns not tested,
creamy-cajun-shrimp-pasta-bake,false,false,,prawns not tested,
rice-paper-dumpling,false,false,,prawns not tested,
rice-paper-crispy-shrimp,false,false,,prawns not tested,
430-cal-bang-bang-shrimp-smash-sandwich,false,false,,prawns not tested,
prawn-saganaki-orzo-marina,false,false,,prawns not tested,
loaded-shrimp-taco-bowl,false,false,,prawns not tested,
mediterranean-shrimp,false,false,,prawns not tested,
chipotle-lime-shrimp-bowl-recipe,false,false,,prawns not tested,
yum-yum-shrimp-rice-bowl,false,false,,prawns not tested,
cheesy-tuna-pasta-bake,true,false,,fish,
salmon-yogurt,false,false,,fish not tested,
salmon-lentils-rice,false,false,,fish not tested,
firecracker-salmon-with-avocado-salsa,false,false,,fish not tested,
salmon-a-la-naranja,false,false,,fish not tested,
salpicon-de-pescado-marinado-en-citricos,false,false,,fish not tested,
garbanzos-con-calamares,false,false,,fish not tested,
tartar-de-salmon-crujiente-con-papel-de-arroz-receta-facil-rapida-y-saludable,false,false,,fish not tested,
crispy-rice-bang-bang-salmon-salad,false,false,,fish not tested,
the-ultimate-tuna-sweetcorn-sandwich,false,false,,fish not tested,
coconut-poached-white-fish-and-corn,false,false,,fish not tested,
salmon-de-noruega-con-salsa-de-miel-y-naranja,false,false,,fish not tested,
tuna-deli-container-snack-series,false,false,,fish not tested,
prawn-spring-roll-salad,false,false,,fish not tested,
chili-lime-salmon-bites,false,false,,fish not tested,
cheesy-salmon-tacos,false,false,,fish not tested,
airfried-salmon-cucumber-protein-salad,false,false,,fish not tested,
rosemary-white-beans-with-frizzled-onions-and-tomato,false,false,,beans not tested,
potaje-seco,false,false,,beans not tested,
marry-me-butter-beans-marina,false,false,,beans not tested,
creamy-macaroni-and-cheese,false,false,,cheese not tested,
cottage-cheese-spinach-quiche-crustless-light-savory-protein-packed,false,false,,cheese not tested,
eggs-orsini,false,false,,cheese not tested,
high-protein-tortilla-quiche,false,false,,cheese not tested,
cottage-cheese-pizza-crust,false,false,,cheese not tested,
3-ingredient-cottage-cheese-garlic-flatbread-soft-cheesy-quick,false,false,,cheese not tested,
broccoli-cottage-cheese-bake-cheesy-creamy-low-carb-comfort,false,false,,cheese not tested,
palak-paneer,false,false,,cheese not tested,
pan-de-queso-proteico-200-cal-54-prot,false,false,,cheese not tested,
extra-high-protein-buffalo-chicken-dip,false,false,,cheese not tested,
high-protein-chocolate-fudge-squares,false,false,,dessert not tested,
volcan-de-chocolate-en-5-minutos-en-airfryer-con-solo-4-ingredientes,false,false,,dessert not tested,
2-ingredient-protein-crepes,false,false,,dessert not tested,
batido-blueberries-prote,false,false,,dessert not tested,
super-f-ck-protein-brownies,false,false,,dessert not tested,
high-protein-cheesecake-squares-just-155-calories,false,false,,dessert not tested,
sopa-de-verduras-y-albondiguitas,false,false,,soup not tested,
chinese-meatball-and-cabbage-soup,false,false,,soup not tested,
mushroom-soup-with-80g-protein,false,false,,soup not tested,
fideos-marineros,false,false,,soup not tested,
snack-de-soja-texturizada-crujiente,false,false,,vegetables not tested,
garbanzos-salteados-con-verduras,false,false,,vegetables not tested,
pastel-de-verduras,false,false,,vegetables not tested,
roasted-red-pepper-olive-dip,false,false,,vegetables not tested,
coliflor-adictivo-cruje,false,false,,vegetables not tested,
courgette-spaghetti,false,false,,vegetables not tested,
day-55-100-creamy-red-pepper-pasta,false,false,,vegetables not tested,
creamy-cheesy-cabbage-casserole,false,false,,vegetables not tested,
crispy-onion-chips,false,false,,vegetables not tested,
pillowy-mediterranean-zucchini-with-garlic-feta-sauce,false,false,,vegetables not tested,
roasted-spiced-crunchy-chickpeas-cauliflower-and-brussels-sprouts-over-creamy-cucumber-yogurt-sauce,false,false,,vegetables not tested,
high-protein-butternut-squash-feta-pasta,false,false,,vegetables not tested,
creamy-high-protein-feta-veg-soup,false,false,,vegetables not tested,
l-carrot-chicken-salad,false,false,,vegetables not tested,
ensalada-tupper-shake-tuna,false,false,,vegetables not tested,
ensalada-de-huevo-spread,false,false,,vegetables not tested,
creamy-high-protein-roasted-tomato-soup,false,false,,vegetables not tested,
boniato-tomate-asado-y-huevos,false,false,,vegetables not tested,
broccoli-cottage-cheese-bake-cheesy-creamy-low-carb-comfort-2,false,false,,vegetables not tested,
receta-casera-de-salsa-de-tomate-cherry,false,false,,sauces not tested,
ranch-dressing-that-actually-healthy,false,false,,sauces not tested,
chipotle-sauce,false,false,,sauces not tested,
cilantro-sauce,false,false,,sauces not tested,
pizza-vietnamita,true,false,,pizza&bread,
high-protein-pepperoni-detroit-style-pizza-preps,true,false,,pizza&bread,
high-protein-garlic-naan,true,false,,pizza&bread,
chicago-town-pizza,true,false,,pizza&bread,
the-og-chicken-crust-pizza,true,false,,pizza&bread,
buffalo-chicken-crust-caesar-pizza,true,false,,pizza&bread,
100g-protein-large-elote-pizza,true,false,,pizza&bread,
edamame-wraps,true,false,,pizza&bread,
garlic-mozzarella-cottage-cheese-flatbread,true,false,,pizza&bread,
gluten-free-cottage-cheese-pizza,true,false,,pizza&bread,
3-ingredient-cottage-cheese-bagels-easy-high-protein-delicious,true,false,,pizza&bread,
high-protein-pepperoni-pizza-hot-pocket-recipe-today-and-it-was-decent,true,false,,pizza&bread,
high-protein-tortilla-quiche-recipe,true,false,,pizza&bread,
pizza-samosas-recipe-below,true,false,,pizza&bread,
ice-cream-protein-bites,true,false,,ice cream,
cottage-cheese-ice-cream,true,false,,ice cream,
oreo-protein-ice-cream,true,false,,ice cream,
2-minute-protein-brownie,true,false,,desayunos,
high-protein-frittata-2,true,false,,desayunos,
protein-pancakes,true,false,,desayunos,
chocolate-banana-bread,true,false,,desayunos,
microwave-protein-pot,true,false,,desayunos,
peanut-butter-banana-bread,true,false,,desayunos,
banana-date-protein-bake,true,false,,desayunos,
chocolate-peanut-butter-oats,true,false,,desayunos,
chia-pudding-tiramisu,true,false,,desayunos,
dumpling-lasagna-reaction-video-deadpan-diya-34,true,false,,pork,
strapatsada-tomatoey-scrambled-eggs-with-feta,true,false,,pork,
high-protein-coffee-ice-cream,true,false,,creami,
creami-base-ingredients-any-protein,true,false,,creami,
key-lime-protein-ice-cream,true,false,,creami,
ninja-creami-coffee-protein-ice-cream-nutrition,true,false,,creami,
beef-bulgogi,true,false,,crudo congelar,
fajita-lime-362-cal-49p,true,false,,crudo congelar,
sesame-ginger-385-cal-52p,true,false,,crudo congelar,
cilantro-lime-361-cal-49p,true,false,,crudo congelar,
teriyaki-383-cal-51p,true,false,,crudo congelar,
sweet-chilli-tuna-crackers,true,false,,2 mins recipes,
ensalada-sushi-spicy-tuna,true,false,,2 mins recipes,
sushi-cucumber-salad,true,false,,2 mins recipes,
mediterranean-meatball-power-bowl,false,false,,beef not tested,
high-protein-shrimp-fried-rice,false,true,,weekend,
high-protein-peanut-sweet-potato-tofu-curry,false,true,,weekend,
pasta-light-de-gambas-al-chipotle-2-raciones,false,true,,weekend,
maple-soy-glazed-chicken-thighs,false,true,,weekend,
no-fold-shrimp-dumpling,false,true,,weekend,
quien-dijo-que-para-perder-grasa-tenias-que-dejar-de-comer-pizza,false,true,,weekend,
salmon-with-lemon-herb-marinade,false,true,,weekend,
high-protein-street-corn-chicken-dip,false,true,,weekend,
you-will-never-make-a-pizza-easier-than-this,false,true,,weekend,
low-cal-garlic-shrimp-summer-rolls-high-protein-peanut-sauce,false,true,,weekend,
2-ingredient-protein-crepes-2,false,true,,weekend,
protein-steak-wraps-and-flatbreads-made-with-yogurt,false,true,,weekend,
chicken-parmigiana,false,true,,weekend,
crispy-honey-butter-shrimp,false,true,,weekend,
chicken-summer-rolls,false,true,,weekend,
mexican-street-corn-crispy-rice-salad-recipe,false,true,,weekend,
high-protein-chilli-lime-shrimp-bowls,false,true,,next,
healthy-watermelon-sorbet,false,false,,,
